--------------------------------------------------------
--  File created - niedziela-stycznia-10-2016   
--------------------------------------------------------
--------------------------------------------------------
--  DDL for Sequence BOOKS_SEQ
--------------------------------------------------------

   CREATE SEQUENCE  "BOOK_RENTAL"."BOOKS_SEQ"  MINVALUE 1 MAXVALUE 9999999999999999999999999999 INCREMENT BY 1 START WITH 21 CACHE 20 NOORDER  NOCYCLE ;
--------------------------------------------------------
--  DDL for Sequence USERS_SEQ
--------------------------------------------------------

   CREATE SEQUENCE  "BOOK_RENTAL"."USERS_SEQ"  MINVALUE 1 MAXVALUE 9999999999999999999999999999 INCREMENT BY 1 START WITH 21 CACHE 20 NOORDER  NOCYCLE ;
--------------------------------------------------------
--  DDL for Sequence LIBRARIES_SEQ
--------------------------------------------------------

   CREATE SEQUENCE  "BOOK_RENTAL"."LIBRARIES_SEQ"  MINVALUE 1 MAXVALUE 9999999999999999999999999999 INCREMENT BY 1 START WITH 21 CACHE 20 NOORDER  NOCYCLE ;
--------------------------------------------------------
--  DDL for Sequence AUTHORS_SEQ
--------------------------------------------------------

   CREATE SEQUENCE  "BOOK_RENTAL"."AUTHORS_SEQ"  MINVALUE 1 MAXVALUE 9999999999999999999999999999 INCREMENT BY 1 START WITH 21 CACHE 20 NOORDER  NOCYCLE ;
--------------------------------------------------------
--  DDL for Table USER_BOOK_LIBRARY
--------------------------------------------------------

  CREATE TABLE "BOOK_RENTAL"."USER_BOOK_LIBRARY" 
   (	"USER_ID" NUMBER(19,2), 
	"LIBRARY_ID" NUMBER(19,2), 
	"BOOK_ID" NUMBER(19,2)
   ) SEGMENT CREATION IMMEDIATE 
  PCTFREE 10 PCTUSED 40 INITRANS 1 MAXTRANS 255 NOCOMPRESS LOGGING
  STORAGE(INITIAL 65536 NEXT 1048576 MINEXTENTS 1 MAXEXTENTS 2147483645
  PCTINCREASE 0 FREELISTS 1 FREELIST GROUPS 1 BUFFER_POOL DEFAULT FLASH_CACHE DEFAULT CELL_FLASH_CACHE DEFAULT)
  TABLESPACE "USERS" ;
--------------------------------------------------------
--  DDL for Table BOOK_AUTHOR
--------------------------------------------------------

  CREATE TABLE "BOOK_RENTAL"."BOOK_AUTHOR" 
   (	"BOOK_ID" NUMBER(19,2), 
	"AUTHOR_ID" NUMBER(19,2)
   ) SEGMENT CREATION IMMEDIATE 
  PCTFREE 10 PCTUSED 40 INITRANS 1 MAXTRANS 255 NOCOMPRESS LOGGING
  STORAGE(INITIAL 65536 NEXT 1048576 MINEXTENTS 1 MAXEXTENTS 2147483645
  PCTINCREASE 0 FREELISTS 1 FREELIST GROUPS 1 BUFFER_POOL DEFAULT FLASH_CACHE DEFAULT CELL_FLASH_CACHE DEFAULT)
  TABLESPACE "USERS" ;
--------------------------------------------------------
--  DDL for Table AUTHORS
--------------------------------------------------------

  CREATE TABLE "BOOK_RENTAL"."AUTHORS" 
   (	"ID" NUMBER(19,2), 
	"FIRST_NAME" VARCHAR2(40 CHAR), 
	"LAST_NAME" VARCHAR2(40 CHAR)
   ) SEGMENT CREATION IMMEDIATE 
  PCTFREE 10 PCTUSED 40 INITRANS 1 MAXTRANS 255 NOCOMPRESS LOGGING
  STORAGE(INITIAL 65536 NEXT 1048576 MINEXTENTS 1 MAXEXTENTS 2147483645
  PCTINCREASE 0 FREELISTS 1 FREELIST GROUPS 1 BUFFER_POOL DEFAULT FLASH_CACHE DEFAULT CELL_FLASH_CACHE DEFAULT)
  TABLESPACE "USERS" ;
--------------------------------------------------------
--  DDL for Table BOOKS
--------------------------------------------------------

  CREATE TABLE "BOOK_RENTAL"."BOOKS" 
   (	"ID" NUMBER(19,2), 
	"TITLE" VARCHAR2(200 CHAR)
   ) SEGMENT CREATION IMMEDIATE 
  PCTFREE 10 PCTUSED 40 INITRANS 1 MAXTRANS 255 NOCOMPRESS LOGGING
  STORAGE(INITIAL 65536 NEXT 1048576 MINEXTENTS 1 MAXEXTENTS 2147483645
  PCTINCREASE 0 FREELISTS 1 FREELIST GROUPS 1 BUFFER_POOL DEFAULT FLASH_CACHE DEFAULT CELL_FLASH_CACHE DEFAULT)
  TABLESPACE "USERS" ;
--------------------------------------------------------
--  DDL for Table LIBRARIES
--------------------------------------------------------

  CREATE TABLE "BOOK_RENTAL"."LIBRARIES" 
   (	"ID" NUMBER(19,2), 
	"NAME" VARCHAR2(80 CHAR)
   ) SEGMENT CREATION IMMEDIATE 
  PCTFREE 10 PCTUSED 40 INITRANS 1 MAXTRANS 255 NOCOMPRESS LOGGING
  STORAGE(INITIAL 65536 NEXT 1048576 MINEXTENTS 1 MAXEXTENTS 2147483645
  PCTINCREASE 0 FREELISTS 1 FREELIST GROUPS 1 BUFFER_POOL DEFAULT FLASH_CACHE DEFAULT CELL_FLASH_CACHE DEFAULT)
  TABLESPACE "USERS" ;
--------------------------------------------------------
--  DDL for Table BOOK_LIBRARY
--------------------------------------------------------

  CREATE TABLE "BOOK_RENTAL"."BOOK_LIBRARY" 
   (	"QUANTITY" NUMBER(10,0), 
	"LIBRARY_ID" NUMBER(19,2), 
	"BOOK_ID" NUMBER(19,2)
   ) SEGMENT CREATION IMMEDIATE 
  PCTFREE 10 PCTUSED 40 INITRANS 1 MAXTRANS 255 NOCOMPRESS LOGGING
  STORAGE(INITIAL 65536 NEXT 1048576 MINEXTENTS 1 MAXEXTENTS 2147483645
  PCTINCREASE 0 FREELISTS 1 FREELIST GROUPS 1 BUFFER_POOL DEFAULT FLASH_CACHE DEFAULT CELL_FLASH_CACHE DEFAULT)
  TABLESPACE "USERS" ;
--------------------------------------------------------
--  DDL for Table USERS
--------------------------------------------------------

  CREATE TABLE "BOOK_RENTAL"."USERS" 
   (	"ID" NUMBER(19,2), 
	"EMAIL" VARCHAR2(320 CHAR), 
	"NAME" VARCHAR2(40 CHAR), 
	"PASSWORD" VARCHAR2(40 CHAR)
   ) SEGMENT CREATION IMMEDIATE 
  PCTFREE 10 PCTUSED 40 INITRANS 1 MAXTRANS 255 NOCOMPRESS LOGGING
  STORAGE(INITIAL 65536 NEXT 1048576 MINEXTENTS 1 MAXEXTENTS 2147483645
  PCTINCREASE 0 FREELISTS 1 FREELIST GROUPS 1 BUFFER_POOL DEFAULT FLASH_CACHE DEFAULT CELL_FLASH_CACHE DEFAULT)
  TABLESPACE "USERS" ;
REM INSERTING into BOOK_RENTAL.USER_BOOK_LIBRARY
SET DEFINE OFF;
Insert into BOOK_RENTAL.USER_BOOK_LIBRARY (USER_ID,LIBRARY_ID,BOOK_ID) values ('1','1','1');
Insert into BOOK_RENTAL.USER_BOOK_LIBRARY (USER_ID,LIBRARY_ID,BOOK_ID) values ('2','2','1');
REM INSERTING into BOOK_RENTAL.BOOK_AUTHOR
SET DEFINE OFF;
Insert into BOOK_RENTAL.BOOK_AUTHOR (BOOK_ID,AUTHOR_ID) values ('1','1');
Insert into BOOK_RENTAL.BOOK_AUTHOR (BOOK_ID,AUTHOR_ID) values ('1','2');
Insert into BOOK_RENTAL.BOOK_AUTHOR (BOOK_ID,AUTHOR_ID) values ('4','4');
Insert into BOOK_RENTAL.BOOK_AUTHOR (BOOK_ID,AUTHOR_ID) values ('5','5');
REM INSERTING into BOOK_RENTAL.AUTHORS
SET DEFINE OFF;
Insert into BOOK_RENTAL.AUTHORS (ID,FIRST_NAME,LAST_NAME) values ('1','Jan','Kowalski');
Insert into BOOK_RENTAL.AUTHORS (ID,FIRST_NAME,LAST_NAME) values ('2','Jan','Brzechwa');
Insert into BOOK_RENTAL.AUTHORS (ID,FIRST_NAME,LAST_NAME) values ('3','Piotr','Nowak');
Insert into BOOK_RENTAL.AUTHORS (ID,FIRST_NAME,LAST_NAME) values ('4','Robert','Karolak');
Insert into BOOK_RENTAL.AUTHORS (ID,FIRST_NAME,LAST_NAME) values ('5','Adam','Pawlak');
REM INSERTING into BOOK_RENTAL.BOOKS
SET DEFINE OFF;
Insert into BOOK_RENTAL.BOOKS (ID,TITLE) values ('1','Pierwsza ksi¹¿ka');
Insert into BOOK_RENTAL.BOOKS (ID,TITLE) values ('4','Niedostêpna ksi¹¿ka');
Insert into BOOK_RENTAL.BOOKS (ID,TITLE) values ('5','Ksi¹¿ka do zapisania z id=null');
REM INSERTING into BOOK_RENTAL.LIBRARIES
SET DEFINE OFF;
Insert into BOOK_RENTAL.LIBRARIES (ID,NAME) values ('1','Biblioteka we Wroc³awiu');
Insert into BOOK_RENTAL.LIBRARIES (ID,NAME) values ('2','Biblioteka w Poznaniu');
Insert into BOOK_RENTAL.LIBRARIES (ID,NAME) values ('3','Biblioteka w Warszawie');
Insert into BOOK_RENTAL.LIBRARIES (ID,NAME) values ('4','Biblioteka w Gdañsku');
Insert into BOOK_RENTAL.LIBRARIES (ID,NAME) values ('5','Biblioteka #1 do zapisania');
REM INSERTING into BOOK_RENTAL.BOOK_LIBRARY
SET DEFINE OFF;
Insert into BOOK_RENTAL.BOOK_LIBRARY (QUANTITY,LIBRARY_ID,BOOK_ID) values ('3','1','1');
Insert into BOOK_RENTAL.BOOK_LIBRARY (QUANTITY,LIBRARY_ID,BOOK_ID) values ('1','2','1');
Insert into BOOK_RENTAL.BOOK_LIBRARY (QUANTITY,LIBRARY_ID,BOOK_ID) values ('2','3','1');
Insert into BOOK_RENTAL.BOOK_LIBRARY (QUANTITY,LIBRARY_ID,BOOK_ID) values ('1','4','1');
REM INSERTING into BOOK_RENTAL.USERS
SET DEFINE OFF;
Insert into BOOK_RENTAL.USERS (ID,EMAIL,NAME,PASSWORD) values ('1','test1@book-rental.com','user','sup3R$ecre7P4$$word');
Insert into BOOK_RENTAL.USERS (ID,EMAIL,NAME,PASSWORD) values ('2','test2@book-rental.com','userUpdateCheck','12345678');
Insert into BOOK_RENTAL.USERS (ID,EMAIL,NAME,PASSWORD) values ('3','newuser@book-rental.com','new User','simplePassword');
--------------------------------------------------------
--  DDL for Index SYS_C0024157
--------------------------------------------------------

  CREATE UNIQUE INDEX "BOOK_RENTAL"."SYS_C0024157" ON "BOOK_RENTAL"."AUTHORS" ("ID") 
  PCTFREE 10 INITRANS 2 MAXTRANS 255 
  STORAGE(INITIAL 65536 NEXT 1048576 MINEXTENTS 1 MAXEXTENTS 2147483645
  PCTINCREASE 0 FREELISTS 1 FREELIST GROUPS 1 BUFFER_POOL DEFAULT FLASH_CACHE DEFAULT CELL_FLASH_CACHE DEFAULT)
  TABLESPACE "USERS" ;
--------------------------------------------------------
--  DDL for Index SYS_C0024160
--------------------------------------------------------

  CREATE UNIQUE INDEX "BOOK_RENTAL"."SYS_C0024160" ON "BOOK_RENTAL"."BOOK_AUTHOR" ("BOOK_ID", "AUTHOR_ID") 
  PCTFREE 10 INITRANS 2 MAXTRANS 255 
  STORAGE(INITIAL 65536 NEXT 1048576 MINEXTENTS 1 MAXEXTENTS 2147483645
  PCTINCREASE 0 FREELISTS 1 FREELIST GROUPS 1 BUFFER_POOL DEFAULT FLASH_CACHE DEFAULT CELL_FLASH_CACHE DEFAULT)
  TABLESPACE "USERS" ;
--------------------------------------------------------
--  DDL for Index SYS_C0024164
--------------------------------------------------------

  CREATE UNIQUE INDEX "BOOK_RENTAL"."SYS_C0024164" ON "BOOK_RENTAL"."BOOK_LIBRARY" ("BOOK_ID", "LIBRARY_ID") 
  PCTFREE 10 INITRANS 2 MAXTRANS 255 
  STORAGE(INITIAL 65536 NEXT 1048576 MINEXTENTS 1 MAXEXTENTS 2147483645
  PCTINCREASE 0 FREELISTS 1 FREELIST GROUPS 1 BUFFER_POOL DEFAULT FLASH_CACHE DEFAULT CELL_FLASH_CACHE DEFAULT)
  TABLESPACE "USERS" ;
--------------------------------------------------------
--  DDL for Index SYS_C0024167
--------------------------------------------------------

  CREATE UNIQUE INDEX "BOOK_RENTAL"."SYS_C0024167" ON "BOOK_RENTAL"."BOOKS" ("ID") 
  PCTFREE 10 INITRANS 2 MAXTRANS 255 
  STORAGE(INITIAL 65536 NEXT 1048576 MINEXTENTS 1 MAXEXTENTS 2147483645
  PCTINCREASE 0 FREELISTS 1 FREELIST GROUPS 1 BUFFER_POOL DEFAULT FLASH_CACHE DEFAULT CELL_FLASH_CACHE DEFAULT)
  TABLESPACE "USERS" ;
--------------------------------------------------------
--  DDL for Index SYS_C0024170
--------------------------------------------------------

  CREATE UNIQUE INDEX "BOOK_RENTAL"."SYS_C0024170" ON "BOOK_RENTAL"."LIBRARIES" ("ID") 
  PCTFREE 10 INITRANS 2 MAXTRANS 255 
  STORAGE(INITIAL 65536 NEXT 1048576 MINEXTENTS 1 MAXEXTENTS 2147483645
  PCTINCREASE 0 FREELISTS 1 FREELIST GROUPS 1 BUFFER_POOL DEFAULT FLASH_CACHE DEFAULT CELL_FLASH_CACHE DEFAULT)
  TABLESPACE "USERS" ;
--------------------------------------------------------
--  DDL for Index SYS_C0024174
--------------------------------------------------------

  CREATE UNIQUE INDEX "BOOK_RENTAL"."SYS_C0024174" ON "BOOK_RENTAL"."USER_BOOK_LIBRARY" ("BOOK_ID", "LIBRARY_ID", "USER_ID") 
  PCTFREE 10 INITRANS 2 MAXTRANS 255 
  STORAGE(INITIAL 65536 NEXT 1048576 MINEXTENTS 1 MAXEXTENTS 2147483645
  PCTINCREASE 0 FREELISTS 1 FREELIST GROUPS 1 BUFFER_POOL DEFAULT FLASH_CACHE DEFAULT CELL_FLASH_CACHE DEFAULT)
  TABLESPACE "USERS" ;
--------------------------------------------------------
--  DDL for Index SYS_C0024179
--------------------------------------------------------

  CREATE UNIQUE INDEX "BOOK_RENTAL"."SYS_C0024179" ON "BOOK_RENTAL"."USERS" ("ID") 
  PCTFREE 10 INITRANS 2 MAXTRANS 255 
  STORAGE(INITIAL 65536 NEXT 1048576 MINEXTENTS 1 MAXEXTENTS 2147483645
  PCTINCREASE 0 FREELISTS 1 FREELIST GROUPS 1 BUFFER_POOL DEFAULT FLASH_CACHE DEFAULT CELL_FLASH_CACHE DEFAULT)
  TABLESPACE "USERS" ;
--------------------------------------------------------
--  DDL for Index UK_3G1J96G94XPK3LPXL2QBL985X
--------------------------------------------------------

  CREATE UNIQUE INDEX "BOOK_RENTAL"."UK_3G1J96G94XPK3LPXL2QBL985X" ON "BOOK_RENTAL"."USERS" ("NAME") 
  PCTFREE 10 INITRANS 2 MAXTRANS 255 COMPUTE STATISTICS 
  STORAGE(INITIAL 65536 NEXT 1048576 MINEXTENTS 1 MAXEXTENTS 2147483645
  PCTINCREASE 0 FREELISTS 1 FREELIST GROUPS 1 BUFFER_POOL DEFAULT FLASH_CACHE DEFAULT CELL_FLASH_CACHE DEFAULT)
  TABLESPACE "USERS" ;
--------------------------------------------------------
--  DDL for Index UK_6DOTKOTT2KJSP8VW4D0M25FB7
--------------------------------------------------------

  CREATE UNIQUE INDEX "BOOK_RENTAL"."UK_6DOTKOTT2KJSP8VW4D0M25FB7" ON "BOOK_RENTAL"."USERS" ("EMAIL") 
  PCTFREE 10 INITRANS 2 MAXTRANS 255 COMPUTE STATISTICS 
  STORAGE(INITIAL 65536 NEXT 1048576 MINEXTENTS 1 MAXEXTENTS 2147483645
  PCTINCREASE 0 FREELISTS 1 FREELIST GROUPS 1 BUFFER_POOL DEFAULT FLASH_CACHE DEFAULT CELL_FLASH_CACHE DEFAULT)
  TABLESPACE "USERS" ;
--------------------------------------------------------
--  Constraints for Table USER_BOOK_LIBRARY
--------------------------------------------------------

  ALTER TABLE "BOOK_RENTAL"."USER_BOOK_LIBRARY" ADD PRIMARY KEY ("BOOK_ID", "LIBRARY_ID", "USER_ID")
  USING INDEX PCTFREE 10 INITRANS 2 MAXTRANS 255 
  STORAGE(INITIAL 65536 NEXT 1048576 MINEXTENTS 1 MAXEXTENTS 2147483645
  PCTINCREASE 0 FREELISTS 1 FREELIST GROUPS 1 BUFFER_POOL DEFAULT FLASH_CACHE DEFAULT CELL_FLASH_CACHE DEFAULT)
  TABLESPACE "USERS"  ENABLE;
  ALTER TABLE "BOOK_RENTAL"."USER_BOOK_LIBRARY" MODIFY ("BOOK_ID" NOT NULL ENABLE);
  ALTER TABLE "BOOK_RENTAL"."USER_BOOK_LIBRARY" MODIFY ("LIBRARY_ID" NOT NULL ENABLE);
  ALTER TABLE "BOOK_RENTAL"."USER_BOOK_LIBRARY" MODIFY ("USER_ID" NOT NULL ENABLE);
--------------------------------------------------------
--  Constraints for Table BOOK_AUTHOR
--------------------------------------------------------

  ALTER TABLE "BOOK_RENTAL"."BOOK_AUTHOR" ADD PRIMARY KEY ("BOOK_ID", "AUTHOR_ID")
  USING INDEX PCTFREE 10 INITRANS 2 MAXTRANS 255 
  STORAGE(INITIAL 65536 NEXT 1048576 MINEXTENTS 1 MAXEXTENTS 2147483645
  PCTINCREASE 0 FREELISTS 1 FREELIST GROUPS 1 BUFFER_POOL DEFAULT FLASH_CACHE DEFAULT CELL_FLASH_CACHE DEFAULT)
  TABLESPACE "USERS"  ENABLE;
  ALTER TABLE "BOOK_RENTAL"."BOOK_AUTHOR" MODIFY ("AUTHOR_ID" NOT NULL ENABLE);
  ALTER TABLE "BOOK_RENTAL"."BOOK_AUTHOR" MODIFY ("BOOK_ID" NOT NULL ENABLE);
--------------------------------------------------------
--  Constraints for Table AUTHORS
--------------------------------------------------------

  ALTER TABLE "BOOK_RENTAL"."AUTHORS" ADD PRIMARY KEY ("ID")
  USING INDEX PCTFREE 10 INITRANS 2 MAXTRANS 255 
  STORAGE(INITIAL 65536 NEXT 1048576 MINEXTENTS 1 MAXEXTENTS 2147483645
  PCTINCREASE 0 FREELISTS 1 FREELIST GROUPS 1 BUFFER_POOL DEFAULT FLASH_CACHE DEFAULT CELL_FLASH_CACHE DEFAULT)
  TABLESPACE "USERS"  ENABLE;
  ALTER TABLE "BOOK_RENTAL"."AUTHORS" MODIFY ("LAST_NAME" NOT NULL ENABLE);
  ALTER TABLE "BOOK_RENTAL"."AUTHORS" MODIFY ("FIRST_NAME" NOT NULL ENABLE);
  ALTER TABLE "BOOK_RENTAL"."AUTHORS" MODIFY ("ID" NOT NULL ENABLE);
--------------------------------------------------------
--  Constraints for Table BOOKS
--------------------------------------------------------

  ALTER TABLE "BOOK_RENTAL"."BOOKS" ADD PRIMARY KEY ("ID")
  USING INDEX PCTFREE 10 INITRANS 2 MAXTRANS 255 
  STORAGE(INITIAL 65536 NEXT 1048576 MINEXTENTS 1 MAXEXTENTS 2147483645
  PCTINCREASE 0 FREELISTS 1 FREELIST GROUPS 1 BUFFER_POOL DEFAULT FLASH_CACHE DEFAULT CELL_FLASH_CACHE DEFAULT)
  TABLESPACE "USERS"  ENABLE;
  ALTER TABLE "BOOK_RENTAL"."BOOKS" MODIFY ("TITLE" NOT NULL ENABLE);
  ALTER TABLE "BOOK_RENTAL"."BOOKS" MODIFY ("ID" NOT NULL ENABLE);
--------------------------------------------------------
--  Constraints for Table LIBRARIES
--------------------------------------------------------

  ALTER TABLE "BOOK_RENTAL"."LIBRARIES" ADD PRIMARY KEY ("ID")
  USING INDEX PCTFREE 10 INITRANS 2 MAXTRANS 255 
  STORAGE(INITIAL 65536 NEXT 1048576 MINEXTENTS 1 MAXEXTENTS 2147483645
  PCTINCREASE 0 FREELISTS 1 FREELIST GROUPS 1 BUFFER_POOL DEFAULT FLASH_CACHE DEFAULT CELL_FLASH_CACHE DEFAULT)
  TABLESPACE "USERS"  ENABLE;
  ALTER TABLE "BOOK_RENTAL"."LIBRARIES" MODIFY ("NAME" NOT NULL ENABLE);
  ALTER TABLE "BOOK_RENTAL"."LIBRARIES" MODIFY ("ID" NOT NULL ENABLE);
--------------------------------------------------------
--  Constraints for Table BOOK_LIBRARY
--------------------------------------------------------

  ALTER TABLE "BOOK_RENTAL"."BOOK_LIBRARY" ADD PRIMARY KEY ("BOOK_ID", "LIBRARY_ID")
  USING INDEX PCTFREE 10 INITRANS 2 MAXTRANS 255 
  STORAGE(INITIAL 65536 NEXT 1048576 MINEXTENTS 1 MAXEXTENTS 2147483645
  PCTINCREASE 0 FREELISTS 1 FREELIST GROUPS 1 BUFFER_POOL DEFAULT FLASH_CACHE DEFAULT CELL_FLASH_CACHE DEFAULT)
  TABLESPACE "USERS"  ENABLE;
  ALTER TABLE "BOOK_RENTAL"."BOOK_LIBRARY" MODIFY ("BOOK_ID" NOT NULL ENABLE);
  ALTER TABLE "BOOK_RENTAL"."BOOK_LIBRARY" MODIFY ("LIBRARY_ID" NOT NULL ENABLE);
  ALTER TABLE "BOOK_RENTAL"."BOOK_LIBRARY" MODIFY ("QUANTITY" NOT NULL ENABLE);
--------------------------------------------------------
--  Constraints for Table USERS
--------------------------------------------------------

  ALTER TABLE "BOOK_RENTAL"."USERS" ADD CONSTRAINT "UK_3G1J96G94XPK3LPXL2QBL985X" UNIQUE ("NAME")
  USING INDEX PCTFREE 10 INITRANS 2 MAXTRANS 255 COMPUTE STATISTICS 
  STORAGE(INITIAL 65536 NEXT 1048576 MINEXTENTS 1 MAXEXTENTS 2147483645
  PCTINCREASE 0 FREELISTS 1 FREELIST GROUPS 1 BUFFER_POOL DEFAULT FLASH_CACHE DEFAULT CELL_FLASH_CACHE DEFAULT)
  TABLESPACE "USERS"  ENABLE;
  ALTER TABLE "BOOK_RENTAL"."USERS" ADD CONSTRAINT "UK_6DOTKOTT2KJSP8VW4D0M25FB7" UNIQUE ("EMAIL")
  USING INDEX PCTFREE 10 INITRANS 2 MAXTRANS 255 COMPUTE STATISTICS 
  STORAGE(INITIAL 65536 NEXT 1048576 MINEXTENTS 1 MAXEXTENTS 2147483645
  PCTINCREASE 0 FREELISTS 1 FREELIST GROUPS 1 BUFFER_POOL DEFAULT FLASH_CACHE DEFAULT CELL_FLASH_CACHE DEFAULT)
  TABLESPACE "USERS"  ENABLE;
  ALTER TABLE "BOOK_RENTAL"."USERS" ADD PRIMARY KEY ("ID")
  USING INDEX PCTFREE 10 INITRANS 2 MAXTRANS 255 
  STORAGE(INITIAL 65536 NEXT 1048576 MINEXTENTS 1 MAXEXTENTS 2147483645
  PCTINCREASE 0 FREELISTS 1 FREELIST GROUPS 1 BUFFER_POOL DEFAULT FLASH_CACHE DEFAULT CELL_FLASH_CACHE DEFAULT)
  TABLESPACE "USERS"  ENABLE;
  ALTER TABLE "BOOK_RENTAL"."USERS" MODIFY ("PASSWORD" NOT NULL ENABLE);
  ALTER TABLE "BOOK_RENTAL"."USERS" MODIFY ("NAME" NOT NULL ENABLE);
  ALTER TABLE "BOOK_RENTAL"."USERS" MODIFY ("EMAIL" NOT NULL ENABLE);
  ALTER TABLE "BOOK_RENTAL"."USERS" MODIFY ("ID" NOT NULL ENABLE);
--------------------------------------------------------
--  Ref Constraints for Table USER_BOOK_LIBRARY
--------------------------------------------------------

  ALTER TABLE "BOOK_RENTAL"."USER_BOOK_LIBRARY" ADD CONSTRAINT "FK_7T7SC4AUT1IG8EJU7BJKMGE9N" FOREIGN KEY ("BOOK_ID")
	  REFERENCES "BOOK_RENTAL"."BOOKS" ("ID") ENABLE;
  ALTER TABLE "BOOK_RENTAL"."USER_BOOK_LIBRARY" ADD CONSTRAINT "FK_AP5TY9LPDD2FYQ54OF6PN2XUN" FOREIGN KEY ("LIBRARY_ID")
	  REFERENCES "BOOK_RENTAL"."LIBRARIES" ("ID") ENABLE;
  ALTER TABLE "BOOK_RENTAL"."USER_BOOK_LIBRARY" ADD CONSTRAINT "FK_Q2MVIFSD13K8VH25GVFO5OO1S" FOREIGN KEY ("USER_ID")
	  REFERENCES "BOOK_RENTAL"."USERS" ("ID") ENABLE;
--------------------------------------------------------
--  Ref Constraints for Table BOOK_AUTHOR
--------------------------------------------------------

  ALTER TABLE "BOOK_RENTAL"."BOOK_AUTHOR" ADD CONSTRAINT "FK_6CMG2ROOPA9A4C97UXETGF2E9" FOREIGN KEY ("AUTHOR_ID")
	  REFERENCES "BOOK_RENTAL"."AUTHORS" ("ID") ENABLE;
  ALTER TABLE "BOOK_RENTAL"."BOOK_AUTHOR" ADD CONSTRAINT "FK_Q37QKJ7SERXG0BH56M450UIGS" FOREIGN KEY ("BOOK_ID")
	  REFERENCES "BOOK_RENTAL"."BOOKS" ("ID") ENABLE;
--------------------------------------------------------
--  Ref Constraints for Table BOOK_LIBRARY
--------------------------------------------------------

  ALTER TABLE "BOOK_RENTAL"."BOOK_LIBRARY" ADD CONSTRAINT "FK_1GVDJ64RMPC75XKAL3WTRB9AO" FOREIGN KEY ("LIBRARY_ID")
	  REFERENCES "BOOK_RENTAL"."LIBRARIES" ("ID") ENABLE;
  ALTER TABLE "BOOK_RENTAL"."BOOK_LIBRARY" ADD CONSTRAINT "FK_26SF5OF2ER4YH6OBCQ14NRKNM" FOREIGN KEY ("BOOK_ID")
	  REFERENCES "BOOK_RENTAL"."BOOKS" ("ID") ENABLE;
--------------------------------------------------------
--  DDL for Trigger BOOKS_TRG
--------------------------------------------------------

  CREATE OR REPLACE TRIGGER "BOOK_RENTAL"."BOOKS_TRG" before insert on BOOKS for each row begin if (inserting and :new.id is null) then select BOOKS_SEQ.NEXTVAL into :new.id from SYS.DUAL; end if; end;
/
ALTER TRIGGER "BOOK_RENTAL"."BOOKS_TRG" ENABLE;
--------------------------------------------------------
--  DDL for Trigger LIBRARIES_TRG
--------------------------------------------------------

  CREATE OR REPLACE TRIGGER "BOOK_RENTAL"."LIBRARIES_TRG" before insert on LIBRARIES for each row begin if (inserting and :new.id is null) then select LIBRARIES_SEQ.NEXTVAL into :new.id from SYS.DUAL; end if; end;
/
ALTER TRIGGER "BOOK_RENTAL"."LIBRARIES_TRG" ENABLE;
--------------------------------------------------------
--  DDL for Trigger USERS_TRG
--------------------------------------------------------

  CREATE OR REPLACE TRIGGER "BOOK_RENTAL"."USERS_TRG" before insert on USERS for each row begin if (inserting and :new.id is null) then select USERS_SEQ.NEXTVAL into :new.id from SYS.DUAL; end if; end;
/
ALTER TRIGGER "BOOK_RENTAL"."USERS_TRG" ENABLE;
--------------------------------------------------------
--  DDL for Trigger AUTHORS_TRG
--------------------------------------------------------

  CREATE OR REPLACE TRIGGER "BOOK_RENTAL"."AUTHORS_TRG" before insert on AUTHORS for each row begin if (inserting and :new.id is null) then select AUTHORS_SEQ.NEXTVAL into :new.id from SYS.DUAL; end if; end;
/
ALTER TRIGGER "BOOK_RENTAL"."AUTHORS_TRG" ENABLE;
